,joblinks
0,https://in.linkedin.com/jobs/view/data-analyst-at-boston-consulting-group-bcg-3348074849?refId=BKXKN9BihHogXKr30u1j9w%3D%3D&trackingId=rLjbYo4I2HDTAB4F70vQ5A%3D%3D&position=1&pageNum=0&trk=public_jobs_jserp-result_search-card
1,https://in.linkedin.com/jobs/view/data-analyst-gamma-at-boston-consulting-group-bcg-3324398835?refId=BKXKN9BihHogXKr30u1j9w%3D%3D&trackingId=J79p8eAQtHwjwTNFxqML0Q%3D%3D&position=2&pageNum=0&trk=public_jobs_jserp-result_search-card
2,https://in.linkedin.com/jobs/view/data-analyst-at-caastle-3126290909?refId=BKXKN9BihHogXKr30u1j9w%3D%3D&trackingId=OAXxr0%2FzCvDIJH2Xwg1QXw%3D%3D&position=3&pageNum=0&trk=public_jobs_jserp-result_search-card
3,https://in.linkedin.com/jobs/view/wfm-data-analyst-at-hopper-3363411032?refId=BKXKN9BihHogXKr30u1j9w%3D%3D&trackingId=jIMR2TATCzVlnrmCCUNkmw%3D%3D&position=4&pageNum=0&trk=public_jobs_jserp-result_search-card
4,https://in.linkedin.com/jobs/view/data-analyst-ii-at-chegg-india-3147463203?refId=BKXKN9BihHogXKr30u1j9w%3D%3D&trackingId=3mWB2WjCeQKjv5dF48kPng%3D%3D&position=5&pageNum=0&trk=public_jobs_jserp-result_search-card
5,https://in.linkedin.com/jobs/view/data-analyst-at-winzo-3056853421?refId=BKXKN9BihHogXKr30u1j9w%3D%3D&trackingId=Saz6agdKFgO6KPhD6Ijt3w%3D%3D&position=6&pageNum=0&trk=public_jobs_jserp-result_search-card
6,https://in.linkedin.com/jobs/view/data-analyst-at-wheelseye-3356024260?refId=BKXKN9BihHogXKr30u1j9w%3D%3D&trackingId=J8g3l4%2Bd%2F0H7U5YnL7GUPQ%3D%3D&position=7&pageNum=0&trk=public_jobs_jserp-result_search-card
7,https://in.linkedin.com/jobs/view/data-analyst-at-maruti-suzuki-india-limited-3334263901?refId=BKXKN9BihHogXKr30u1j9w%3D%3D&trackingId=L3O6ObBuZMWsmSc7OfjBKQ%3D%3D&position=8&pageNum=0&trk=public_jobs_jserp-result_search-card
8,https://in.linkedin.com/jobs/view/business-data-analyst-at-impetus-3356141587?refId=BKXKN9BihHogXKr30u1j9w%3D%3D&trackingId=qDtSoLcQ91BVIBYJolCbIQ%3D%3D&position=9&pageNum=0&trk=public_jobs_jserp-result_search-card
9,https://in.linkedin.com/jobs/view/data-analyst-at-edamama-3333222706?refId=BKXKN9BihHogXKr30u1j9w%3D%3D&trackingId=KjJv%2BBNn4%2Fhzzp7xYd8asg%3D%3D&position=10&pageNum=0&trk=public_jobs_jserp-result_search-card
10,https://in.linkedin.com/jobs/view/data-analyst-trilogy-remote-%2460-000-year-usd-at-crossover-3367087577?refId=BKXKN9BihHogXKr30u1j9w%3D%3D&trackingId=C%2B%2FLzPxM2481RyiJU1y08w%3D%3D&position=11&pageNum=0&trk=public_jobs_jserp-result_search-card
11,https://in.linkedin.com/jobs/view/data-analyst-at-qrata-3315810078?refId=BKXKN9BihHogXKr30u1j9w%3D%3D&trackingId=ZE4dATj3NAnWJdyNVGKO1w%3D%3D&position=12&pageNum=0&trk=public_jobs_jserp-result_search-card
12,https://in.linkedin.com/jobs/view/data-analyst-at-more-from-oliver-3371140317?refId=BKXKN9BihHogXKr30u1j9w%3D%3D&trackingId=yh57YdUD1LMoNcj9DpBg2g%3D%3D&position=13&pageNum=0&trk=public_jobs_jserp-result_search-card
13,https://in.linkedin.com/jobs/view/data-analyst-at-miric-biotech-limited-3371519795?refId=BKXKN9BihHogXKr30u1j9w%3D%3D&trackingId=%2FIPeblbWZtEMD9XvXk3QOQ%3D%3D&position=14&pageNum=0&trk=public_jobs_jserp-result_search-card
14,https://in.linkedin.com/jobs/view/data-analyst-trilogy-remote-%2460-000-year-usd-at-crossover-3367093056?refId=BKXKN9BihHogXKr30u1j9w%3D%3D&trackingId=vgmhTuMSYBX8E7wjGYM7Bw%3D%3D&position=15&pageNum=0&trk=public_jobs_jserp-result_search-card
15,https://in.linkedin.com/jobs/view/hr-data-analyst-at-hitachi-vantara-3362754176?refId=BKXKN9BihHogXKr30u1j9w%3D%3D&trackingId=ZArq6wAa21HXOn2s7ZiC8A%3D%3D&position=16&pageNum=0&trk=public_jobs_jserp-result_search-card
16,https://in.linkedin.com/jobs/view/product-data-analyst-at-videoverse-3348486579?refId=BKXKN9BihHogXKr30u1j9w%3D%3D&trackingId=6OfzRAh4QZqBuHZazersJA%3D%3D&position=17&pageNum=0&trk=public_jobs_jserp-result_search-card
17,https://in.linkedin.com/jobs/view/data-analyst-at-manav-energy-3359371216?refId=BKXKN9BihHogXKr30u1j9w%3D%3D&trackingId=a9lKMj4EMiLBj9vbX%2B7%2BAg%3D%3D&position=18&pageNum=0&trk=public_jobs_jserp-result_search-card
18,https://in.linkedin.com/jobs/view/sr-data-analyst-at-boston-consulting-group-bcg-3324394892?refId=BKXKN9BihHogXKr30u1j9w%3D%3D&trackingId=VxpHgIly1i%2BXF2g1%2BpVy%2Bw%3D%3D&position=19&pageNum=0&trk=public_jobs_jserp-result_search-card
19,https://in.linkedin.com/jobs/view/data-analyst-cag-delhi-at-national-institute-for-smart-government-3294763916?refId=BKXKN9BihHogXKr30u1j9w%3D%3D&trackingId=E0txKQ4G7uqKvL0vDXidVw%3D%3D&position=20&pageNum=0&trk=public_jobs_jserp-result_search-card
20,https://in.linkedin.com/jobs/view/data-analyst-at-jobdost-3348551610?refId=BKXKN9BihHogXKr30u1j9w%3D%3D&trackingId=V6C92cfdLt18z7fK5UNp2w%3D%3D&position=21&pageNum=0&trk=public_jobs_jserp-result_search-card
21,https://in.linkedin.com/jobs/view/jr-data-analyst-big-query-at-codersbrain-3340576978?refId=BKXKN9BihHogXKr30u1j9w%3D%3D&trackingId=KWoXqYjvCxcNJaPlHTKarQ%3D%3D&position=22&pageNum=0&trk=public_jobs_jserp-result_search-card
22,https://in.linkedin.com/jobs/view/junior-insights-analyst-at-convosight-3292746533?refId=BKXKN9BihHogXKr30u1j9w%3D%3D&trackingId=qoe5xV%2BrP%2BDV1TkdHheAbQ%3D%3D&position=23&pageNum=0&trk=public_jobs_jserp-result_search-card
23,https://in.linkedin.com/jobs/view/sr-data-analyst-at-boston-consulting-group-bcg-3322086779?refId=BKXKN9BihHogXKr30u1j9w%3D%3D&trackingId=tJdFLxzu5R8wU1AdaWqebA%3D%3D&position=24&pageNum=0&trk=public_jobs_jserp-result_search-card
24,https://in.linkedin.com/jobs/view/data-analytics-trainee-at-medtoureasy-3366713437?refId=BKXKN9BihHogXKr30u1j9w%3D%3D&trackingId=QqLIgwGqzzB7%2FxURdxJtgQ%3D%3D&position=25&pageNum=0&trk=public_jobs_jserp-result_search-card
25,https://in.linkedin.com/jobs/view/marketing-data-and-support-analyst-specialist-at-boston-consulting-group-bcg-3324501160?refId=xjA3J1F107CZQbPI3OBNnA%3D%3D&trackingId=R9pebeVLP8yatOOIJ4Q3kg%3D%3D&position=1&pageNum=1&trk=public_jobs_jserp-result_search-card
26,https://in.linkedin.com/jobs/view/data-modeler-at-lti-larsen-toubro-infotech-3221907867?refId=xjA3J1F107CZQbPI3OBNnA%3D%3D&trackingId=MpKn07ZY3ws0sewwHtLT9Q%3D%3D&position=2&pageNum=1&trk=public_jobs_jserp-result_search-card
27,https://in.linkedin.com/jobs/view/analyst-data-engineering-%E2%80%93-sustainability-and-carbon-markets-at-ckinetics-3357038780?refId=xjA3J1F107CZQbPI3OBNnA%3D%3D&trackingId=aEE8P7KIv9q5tGlfFHnNkg%3D%3D&position=3&pageNum=1&trk=public_jobs_jserp-result_search-card
28,https://in.linkedin.com/jobs/view/senior-data-analyst-gamma-at-boston-consulting-group-bcg-3324397571?refId=xjA3J1F107CZQbPI3OBNnA%3D%3D&trackingId=8HqKMM7wJML6BUVLHtcS8w%3D%3D&position=4&pageNum=1&trk=public_jobs_jserp-result_search-card
29,https://in.linkedin.com/jobs/view/finance-data-analyst-at-dynpro-inc-3148566020?refId=xjA3J1F107CZQbPI3OBNnA%3D%3D&trackingId=yUYW1eTo1R%2FkfBQ3pmXOLg%3D%3D&position=5&pageNum=1&trk=public_jobs_jserp-result_search-card
30,https://in.linkedin.com/jobs/view/data-analyst-investment-banking-financial-services-data-10-20-yrs-at-dadj-inc-3361331419?refId=xjA3J1F107CZQbPI3OBNnA%3D%3D&trackingId=G9ugYCbvrpJh3gpjAXV1gA%3D%3D&position=6&pageNum=1&trk=public_jobs_jserp-result_search-card
31,https://in.linkedin.com/jobs/view/analyst-people-analytics-at-boston-consulting-group-bcg-3324500318?refId=xjA3J1F107CZQbPI3OBNnA%3D%3D&trackingId=e8Q%2FyBC%2FWMU%2Be1mAzs5o3w%3D%3D&position=7&pageNum=1&trk=public_jobs_jserp-result_search-card
32,https://in.linkedin.com/jobs/view/data-operations-analyst-at-disco-3366410396?refId=xjA3J1F107CZQbPI3OBNnA%3D%3D&trackingId=TqrqemgXxOi0pkye0Km4Uw%3D%3D&position=8&pageNum=1&trk=public_jobs_jserp-result_search-card
33,https://in.linkedin.com/jobs/view/senior-data-analyst-gamma-at-boston-consulting-group-bcg-3324396704?refId=xjA3J1F107CZQbPI3OBNnA%3D%3D&trackingId=Kvi%2FHCtLv3CZcXtHi0gvqA%3D%3D&position=9&pageNum=1&trk=public_jobs_jserp-result_search-card
34,https://in.linkedin.com/jobs/view/data-analyst-internet-ecommerce-3-7-yrs-at-buzzhire-3361332185?refId=xjA3J1F107CZQbPI3OBNnA%3D%3D&trackingId=oaYwBv9Mbys3RRV6Ma0rNw%3D%3D&position=10&pageNum=1&trk=public_jobs_jserp-result_search-card
35,https://in.linkedin.com/jobs/view/data-analyst-2-5-yrs-at-industry-buying-3361331535?refId=xjA3J1F107CZQbPI3OBNnA%3D%3D&trackingId=5hai7DGpaCXmXGTtSUdnNQ%3D%3D&position=11&pageNum=1&trk=public_jobs_jserp-result_search-card
36,https://in.linkedin.com/jobs/view/data-analyst-senior-data-analyst-data-analyst-tech-lead-at-appsoft-solutions-3333316420?refId=xjA3J1F107CZQbPI3OBNnA%3D%3D&trackingId=kutujzeqEDU8Yov8uHIZ6g%3D%3D&position=12&pageNum=1&trk=public_jobs_jserp-result_search-card
37,https://in.linkedin.com/jobs/view/cloud-data-analyst-m-f-d-at-siemens-technology-india-3356601300?refId=xjA3J1F107CZQbPI3OBNnA%3D%3D&trackingId=TsCHW6joU1YtiL8wt1Sj6A%3D%3D&position=13&pageNum=1&trk=public_jobs_jserp-result_search-card
38,https://in.linkedin.com/jobs/view/cloud-data-analyst-m-f-d-at-siemens-technology-india-3355898689?refId=xjA3J1F107CZQbPI3OBNnA%3D%3D&trackingId=qVXhg9MEn0xMwSwWhf9gTw%3D%3D&position=14&pageNum=1&trk=public_jobs_jserp-result_search-card
39,https://in.linkedin.com/jobs/view/data-engineer-at-zoom-3341003123?refId=xjA3J1F107CZQbPI3OBNnA%3D%3D&trackingId=IreCCmF%2FtrRO7CF%2BD9%2FvAQ%3D%3D&position=15&pageNum=1&trk=public_jobs_jserp-result_search-card
40,https://in.linkedin.com/jobs/view/cloud-data-analyst-m-f-d-at-siemens-technology-india-3355897742?refId=xjA3J1F107CZQbPI3OBNnA%3D%3D&trackingId=KkixYZthWNytdfRfhD2uWQ%3D%3D&position=16&pageNum=1&trk=public_jobs_jserp-result_search-card
41,https://in.linkedin.com/jobs/view/mis-data-analysis-role-manufacturing-firm-at-sar-3362318937?refId=xjA3J1F107CZQbPI3OBNnA%3D%3D&trackingId=XapiM%2BKCvaXzmuvIL6uB0A%3D%3D&position=17&pageNum=1&trk=public_jobs_jserp-result_search-card
42,https://in.linkedin.com/jobs/view/finance-data-analyst-at-bt-3348571089?refId=xjA3J1F107CZQbPI3OBNnA%3D%3D&trackingId=yWWoj8bsHPrR%2FUfBJwaDIA%3D%3D&position=18&pageNum=1&trk=public_jobs_jserp-result_search-card
43,https://in.linkedin.com/jobs/view/business-data-analyst-at-talent-integrators-3361333817?refId=xjA3J1F107CZQbPI3OBNnA%3D%3D&trackingId=G2AYxq3qPw1cQ7hDPOGU7A%3D%3D&position=19&pageNum=1&trk=public_jobs_jserp-result_search-card
44,https://in.linkedin.com/jobs/view/data-analytics-developer-at-changeleaders-in-3368328323?refId=xjA3J1F107CZQbPI3OBNnA%3D%3D&trackingId=qYfxbHcSbQWliNZA7XfDHA%3D%3D&position=20&pageNum=1&trk=public_jobs_jserp-result_search-card
45,https://in.linkedin.com/jobs/view/senior-data-analyst-gamma-at-boston-consulting-group-bcg-3347023961?refId=xjA3J1F107CZQbPI3OBNnA%3D%3D&trackingId=Z6n32e28bmozXJZwox0Hqg%3D%3D&position=21&pageNum=1&trk=public_jobs_jserp-result_search-card
46,https://in.linkedin.com/jobs/view/data-engineer-ii-at-chegg-inc-3354262397?refId=xjA3J1F107CZQbPI3OBNnA%3D%3D&trackingId=dYTnrOmK9izllHP7Fcn1UA%3D%3D&position=22&pageNum=1&trk=public_jobs_jserp-result_search-card
47,https://in.linkedin.com/jobs/view/it-senior-data-analyst-at-boston-consulting-group-bcg-3365484729?refId=xjA3J1F107CZQbPI3OBNnA%3D%3D&trackingId=1wK3eEiCxQRveedMGe%2FjnQ%3D%3D&position=23&pageNum=1&trk=public_jobs_jserp-result_search-card
48,https://in.linkedin.com/jobs/view/commercial-analytics-insights-lead-dubai-based-at-property-finder-3313109989?refId=xjA3J1F107CZQbPI3OBNnA%3D%3D&trackingId=DlKBt5ra42N%2FQRLMWYQbcg%3D%3D&position=25&pageNum=1&trk=public_jobs_jserp-result_search-card
49,https://in.linkedin.com/jobs/view/data-engineer-at-cognizant-3334214466?refId=WfhoHL6aFAuTVmXtKkmHNQ%3D%3D&trackingId=3KHD%2F2W7%2Bv1tid%2B5LawwXw%3D%3D&position=1&pageNum=2&trk=public_jobs_jserp-result_search-card
50,https://in.linkedin.com/jobs/view/clinical-data-analyst-at-omasy-research-3307397230?refId=WfhoHL6aFAuTVmXtKkmHNQ%3D%3D&trackingId=ILGzKvqbgdAPy%2Bh5I%2Bpcmg%3D%3D&position=2&pageNum=2&trk=public_jobs_jserp-result_search-card
51,https://in.linkedin.com/jobs/view/senior-data-analyst-at-luminar-technologies-2985063444?refId=WfhoHL6aFAuTVmXtKkmHNQ%3D%3D&trackingId=6ZN5E06ibdFvz0KjoYpRQQ%3D%3D&position=3&pageNum=2&trk=public_jobs_jserp-result_search-card
52,https://in.linkedin.com/jobs/view/sales-operation-data-analyst-business-analyst-revenue-analyst-at-oracle-3356878537?refId=WfhoHL6aFAuTVmXtKkmHNQ%3D%3D&trackingId=n9YlXpKD1lyVbBi4DUEzGA%3D%3D&position=4&pageNum=2&trk=public_jobs_jserp-result_search-card
53,https://in.linkedin.com/jobs/view/data-analyst-statistics-python-bi-bangkok-based-relocation-provided-at-agoda-3368318828?refId=WfhoHL6aFAuTVmXtKkmHNQ%3D%3D&trackingId=koEouzBq%2B8D6QpjbPyC%2BDA%3D%3D&position=6&pageNum=2&trk=public_jobs_jserp-result_search-card
54,https://in.linkedin.com/jobs/view/subject-matter-expert-data-analytics-at-chegg-india-3336111358?refId=WfhoHL6aFAuTVmXtKkmHNQ%3D%3D&trackingId=tYziofw%2BP%2F26aHcOivrQgg%3D%3D&position=8&pageNum=2&trk=public_jobs_jserp-result_search-card
55,https://in.linkedin.com/jobs/view/argus-safety-data-analyst-cognos-spotfire-at-tata-consultancy-services-3331466002?refId=WfhoHL6aFAuTVmXtKkmHNQ%3D%3D&trackingId=V3Xc%2FTHfopHTxeNxD8a1ng%3D%3D&position=9&pageNum=2&trk=public_jobs_jserp-result_search-card
56,https://in.linkedin.com/jobs/view/bi-specialist-tableau-at-razor-group-3369001028?refId=WfhoHL6aFAuTVmXtKkmHNQ%3D%3D&trackingId=RZYYR1BVT%2BFCMTI%2F206kTg%3D%3D&position=11&pageNum=2&trk=public_jobs_jserp-result_search-card
57,https://in.linkedin.com/jobs/view/bi-a-analyst-at-boston-consulting-group-bcg-3324500144?refId=WfhoHL6aFAuTVmXtKkmHNQ%3D%3D&trackingId=O%2F9Evg6xQscm76m%2BRNmLfg%3D%3D&position=12&pageNum=2&trk=public_jobs_jserp-result_search-card
58,https://in.linkedin.com/jobs/view/data-engineer-at-winzo-3359780593?refId=WfhoHL6aFAuTVmXtKkmHNQ%3D%3D&trackingId=kdLSP%2BuFpCnbjkgjgwjqtA%3D%3D&position=13&pageNum=2&trk=public_jobs_jserp-result_search-card
59,https://in.linkedin.com/jobs/view/data-and-analytics-manager-at-boston-consulting-group-bcg-3324500504?refId=WfhoHL6aFAuTVmXtKkmHNQ%3D%3D&trackingId=ur%2FNqMPiyy2t3YuPeONtzw%3D%3D&position=14&pageNum=2&trk=public_jobs_jserp-result_search-card
60,https://in.linkedin.com/jobs/view/data-engineer-gamma-at-boston-consulting-group-bcg-3368561907?refId=WfhoHL6aFAuTVmXtKkmHNQ%3D%3D&trackingId=3ekuZhdRYPqsgwdEz0Y6XQ%3D%3D&position=15&pageNum=2&trk=public_jobs_jserp-result_search-card
61,https://in.linkedin.com/jobs/view/analytics-role-healthcare-at-hiring-partners-hr-solutions-pvt-ltd-3361330289?refId=WfhoHL6aFAuTVmXtKkmHNQ%3D%3D&trackingId=5qf4yBoRiI88INXakc1tRQ%3D%3D&position=16&pageNum=2&trk=public_jobs_jserp-result_search-card
62,https://in.linkedin.com/jobs/view/analyst-senior-analyst-people-analytics-alteryx-at-boston-consulting-group-bcg-3333558474?refId=WfhoHL6aFAuTVmXtKkmHNQ%3D%3D&trackingId=sYv6A%2FdDJ%2FAYukTC4Zh0RA%3D%3D&position=17&pageNum=2&trk=public_jobs_jserp-result_search-card
63,https://in.linkedin.com/jobs/view/argus-at-tata-consultancy-services-3369200837?refId=WfhoHL6aFAuTVmXtKkmHNQ%3D%3D&trackingId=G%2FAvYSKXSbzekAziid9XOA%3D%3D&position=19&pageNum=2&trk=public_jobs_jserp-result_search-card
64,https://in.linkedin.com/jobs/view/ciel-sel-23132-data-analyst-at-ciel-hr-3330590614?refId=WfhoHL6aFAuTVmXtKkmHNQ%3D%3D&trackingId=VSk%2BclBHXDk%2FQIaT0fqVww%3D%3D&position=20&pageNum=2&trk=public_jobs_jserp-result_search-card
65,https://in.linkedin.com/jobs/view/data-engineer-totogi-remote-%2460-000-year-usd-at-crossover-3367083905?refId=WfhoHL6aFAuTVmXtKkmHNQ%3D%3D&trackingId=TVMcAjjpXpbwCE7jKux1nQ%3D%3D&position=21&pageNum=2&trk=public_jobs_jserp-result_search-card
66,https://in.linkedin.com/jobs/view/data-engineer-at-cionlabs-3287890039?refId=WfhoHL6aFAuTVmXtKkmHNQ%3D%3D&trackingId=kQAHPqZYuy%2Br3r5U7d0PKQ%3D%3D&position=22&pageNum=2&trk=public_jobs_jserp-result_search-card
67,https://in.linkedin.com/jobs/view/data-analysts-ministry-of-rural-development-mord-new-delhi-at-national-institute-for-smart-government-3296469369?refId=WfhoHL6aFAuTVmXtKkmHNQ%3D%3D&trackingId=n%2Bz8OMMByldFHXD9AImS6w%3D%3D&position=23&pageNum=2&trk=public_jobs_jserp-result_search-card
68,https://in.linkedin.com/jobs/view/data-engineer-at-programmers-io-3335283461?refId=WfhoHL6aFAuTVmXtKkmHNQ%3D%3D&trackingId=fl5Qs6BQaJpyn6g%2B4o8K4g%3D%3D&position=24&pageNum=2&trk=public_jobs_jserp-result_search-card
69,https://in.linkedin.com/jobs/view/associate-data-engineer-at-uplers-3373859816?refId=u3qrOTevQ6QCelUBR2HRug%3D%3D&trackingId=hA5C%2BRKQxRFTD4CLfygbDA%3D%3D&position=1&pageNum=3&trk=public_jobs_jserp-result_search-card
70,https://in.linkedin.com/jobs/view/data-engineering-trainee-at-medtoureasy-3322631229?refId=u3qrOTevQ6QCelUBR2HRug%3D%3D&trackingId=Vhhekvfr87UPiRCHK%2B3rUQ%3D%3D&position=2&pageNum=3&trk=public_jobs_jserp-result_search-card
71,https://in.linkedin.com/jobs/view/data-engineering-trainee-at-medtoureasy-3313535307?refId=u3qrOTevQ6QCelUBR2HRug%3D%3D&trackingId=1uIQW%2FaNCFpgb4%2B26T9ybQ%3D%3D&position=3&pageNum=3&trk=public_jobs_jserp-result_search-card
72,https://in.linkedin.com/jobs/view/data-engineer-at-razor-group-3299611188?refId=u3qrOTevQ6QCelUBR2HRug%3D%3D&trackingId=MAq9WwuFIZX5W91KCx%2FxWQ%3D%3D&position=4&pageNum=3&trk=public_jobs_jserp-result_search-card
73,https://in.linkedin.com/jobs/view/data-engineer-at-baazi-games-3342951475?refId=u3qrOTevQ6QCelUBR2HRug%3D%3D&trackingId=eXuqsmF7TR54qMrSTkrKtA%3D%3D&position=5&pageNum=3&trk=public_jobs_jserp-result_search-card
74,https://in.linkedin.com/jobs/view/data-engineer-at-shiprocket-3358840802?refId=u3qrOTevQ6QCelUBR2HRug%3D%3D&trackingId=V2pmrgcoYHXbANRQ%2Bi9mcA%3D%3D&position=6&pageNum=3&trk=public_jobs_jserp-result_search-card
75,https://in.linkedin.com/jobs/view/salesforce-data-quality-analyst-at-arcserve-3368509948?refId=u3qrOTevQ6QCelUBR2HRug%3D%3D&trackingId=CGX9bGnyPmexXRqB22eQgg%3D%3D&position=7&pageNum=3&trk=public_jobs_jserp-result_search-card
76,https://in.linkedin.com/jobs/view/data-analyst-trainee-at-medtoureasy-3360502994?refId=u3qrOTevQ6QCelUBR2HRug%3D%3D&trackingId=gwoONZlAjtRt%2BskQoi6ysg%3D%3D&position=8&pageNum=3&trk=public_jobs_jserp-result_search-card
77,https://in.linkedin.com/jobs/view/ntt-data-at-lancesoft-india-3347095327?refId=u3qrOTevQ6QCelUBR2HRug%3D%3D&trackingId=ONS%2BDsNWeTBIAG7hc%2BD44A%3D%3D&position=9&pageNum=3&trk=public_jobs_jserp-result_search-card
78,https://in.linkedin.com/jobs/view/predictive-analytics-modeling-sas-analytics-at-elixir-web-solutions-3369369134?refId=u3qrOTevQ6QCelUBR2HRug%3D%3D&trackingId=ykGQKh1XWLkefUNM0ZidlQ%3D%3D&position=10&pageNum=3&trk=public_jobs_jserp-result_search-card
79,https://in.linkedin.com/jobs/view/data-engineer-sql-spark-pyspark-at-zyclyx-consulting-services-pvt-limited-3331191233?refId=u3qrOTevQ6QCelUBR2HRug%3D%3D&trackingId=00Xd4CWqbHcJpWHC3C5J6g%3D%3D&position=11&pageNum=3&trk=public_jobs_jserp-result_search-card
80,https://in.linkedin.com/jobs/view/analytics-and-modeling-analyst-at-accenture-in-india-3188782894?refId=u3qrOTevQ6QCelUBR2HRug%3D%3D&trackingId=9oIQ%2Brb0F%2Fr21k4Ll7Wo5A%3D%3D&position=12&pageNum=3&trk=public_jobs_jserp-result_search-card
81,https://in.linkedin.com/jobs/view/ibm-cognos-analytics-l2-l3-exp-range-3-to-6-yrs-new-delhi-immediate-joiner-or-max-30-days-at-wipro-3355875797?refId=u3qrOTevQ6QCelUBR2HRug%3D%3D&trackingId=h9V02YshjWlC6CxOQ0cn4g%3D%3D&position=13&pageNum=3&trk=public_jobs_jserp-result_search-card
82,https://in.linkedin.com/jobs/view/data-engineer-at-barclays-3342569595?refId=u3qrOTevQ6QCelUBR2HRug%3D%3D&trackingId=jWwXTyR5ZILrIynGFbA4Vw%3D%3D&position=14&pageNum=3&trk=public_jobs_jserp-result_search-card
83,https://in.linkedin.com/jobs/view/data-analyst-strategic-partnerships-bangkok-based-at-agoda-3368321521?refId=u3qrOTevQ6QCelUBR2HRug%3D%3D&trackingId=PnkJIDdc%2Bdu%2F3ZmFaRAKzg%3D%3D&position=15&pageNum=3&trk=public_jobs_jserp-result_search-card
84,https://in.linkedin.com/jobs/view/data-engineer-machine-learning-at-accord-manpower-services-3315814467?refId=u3qrOTevQ6QCelUBR2HRug%3D%3D&trackingId=pcWrUfrH4jLAuV4t1WUT%2BA%3D%3D&position=16&pageNum=3&trk=public_jobs_jserp-result_search-card
85,https://in.linkedin.com/jobs/view/analytics-modelling-analyst-at-accenture-in-india-3164419506?refId=u3qrOTevQ6QCelUBR2HRug%3D%3D&trackingId=r9i1cyJsIwfX%2FfJsJ0%2BxGw%3D%3D&position=17&pageNum=3&trk=public_jobs_jserp-result_search-card
86,https://in.linkedin.com/jobs/view/data-analyst-trainee-at-medtoureasy-3332374675?refId=u3qrOTevQ6QCelUBR2HRug%3D%3D&trackingId=ei9H8EzfeO3OAquvfhB36Q%3D%3D&position=18&pageNum=3&trk=public_jobs_jserp-result_search-card
87,https://in.linkedin.com/jobs/view/data-engineer-at-winzo-3321257173?refId=u3qrOTevQ6QCelUBR2HRug%3D%3D&trackingId=iYF4OHY8d%2FVljt9YS1Qyrg%3D%3D&position=19&pageNum=3&trk=public_jobs_jserp-result_search-card
88,https://in.linkedin.com/jobs/view/data-engineer-at-paisabazaar-3315811658?refId=u3qrOTevQ6QCelUBR2HRug%3D%3D&trackingId=gc4AcH0dBI3c%2BZWqorwIvg%3D%3D&position=20&pageNum=3&trk=public_jobs_jserp-result_search-card
89,https://in.linkedin.com/jobs/view/sql-developer-at-programmers-io-3365416962?refId=u3qrOTevQ6QCelUBR2HRug%3D%3D&trackingId=sS4xBkRQkT1seVKJIm55mA%3D%3D&position=21&pageNum=3&trk=public_jobs_jserp-result_search-card
90,https://in.linkedin.com/jobs/view/informatica-iics-developer-at-lti-larsen-toubro-infotech-3343578597?refId=u3qrOTevQ6QCelUBR2HRug%3D%3D&trackingId=zqbBKH4iiJXcUGPuSl5jtQ%3D%3D&position=22&pageNum=3&trk=public_jobs_jserp-result_search-card
91,https://in.linkedin.com/jobs/view/knowledge-analyst-at-boston-consulting-group-bcg-3363948685?refId=u3qrOTevQ6QCelUBR2HRug%3D%3D&trackingId=CvBxT3YLlKWmoMZQLfrniQ%3D%3D&position=23&pageNum=3&trk=public_jobs_jserp-result_search-card
92,https://in.linkedin.com/jobs/view/it-senior-consultant-data-analyst-finance-sales-domain-m-f-d-at-siemens-technology-india-3345865534?refId=u3qrOTevQ6QCelUBR2HRug%3D%3D&trackingId=hOqm7COfTcL0mMmiGEDBJw%3D%3D&position=24&pageNum=3&trk=public_jobs_jserp-result_search-card
93,https://in.linkedin.com/jobs/view/power-bi-specialist-at-icf-3275659439?refId=u3qrOTevQ6QCelUBR2HRug%3D%3D&trackingId=sKy3KcOTSGM8TmiiofFTuQ%3D%3D&position=25&pageNum=3&trk=public_jobs_jserp-result_search-card
